season,rank,rank_excl_ineligible,team,obpr,dbpr,bpr,preseason_roster_rank,opponent_adjust,pace_adjust,off_rank,def_rank,tempo,tempo_rank,home_rank,kill_shots_per_game,kill_shots_conceded_per_game,kill_shots_margin_per_game,kill_shots_total,kill_shots_conceded_total,preseason_rank,wins,losses
2026-27,1,2,Florida,16.6931840057246,14.6245040763273,31.3176880820519,1,0,3.83162362589216,3,1,70.6746702094984,19,1,0,0,0,0,0,1,0,0
2026-27,2,1,Duke,16.85896939618,14.113964195675,30.972933591855,3,0,-7.73524360273142,2,2,67.6312370325848,282,1,0,0,0,0,0,2,0,0
2026-27,3,3,Illinois,18.3343716506128,11.4940730706833,29.8284447212961,2,0,1.04156626249623,1,8,67.4429870471483,293,1,0,0,0,0,0,3,0,0
2026-27,4,4,Arizona,12.3579797050473,13.5898568033883,25.9478365084356,7,0,9.51447846272081,12,3,70.638290225447,22,1,0,0,0,0,0,4,0,0
2026-27,5,8,Gonzaga,14.9090406429233,10.1231314652661,25.0321721081894,8,0,8.55459126354715,4,13,69.7698324094098,67,1,0,0,0,0,0,5,0,0
2026-27,6,5,Connecticut,12.4970842460967,12.4520197957115,24.9491040418082,5,0,4.56449597876391,9,5,66.5352568047643,345,1,0,0,0,0,0,6,0,0
2026-27,7,6,Houston,11.3362432777849,13.0996896908387,24.4359329686237,19,0,0.182156628167599,22,4,65.9859372489283,362,1,0,0,0,0,0,7,0,0
2026-27,8,10,Iowa State,12.8929128951354,11.226002490241,24.1189153853764,17,0,4.51724958381614,8,10,68.5562410397162,197,1,0,0,0,0,0,8,0,0
2026-27,9,7,Michigan State,11.8429261026723,12.0205899440313,23.8635160467036,9,0,0.711564277366077,17,6,67.7843446381553,269,1,0,0,0,0,0,9,0,0
2026-27,10,20,Kansas,11.9036197364201,11.6724775393936,23.5760972758137,6,0,3.3714543318334,14,7,68.7692121689774,166,1,0,0,0,0,0,10,0,0
2026-27,11,34,St. John's,11.7548638947527,11.47510096425,23.2299648590027,14,0,1.57403080158011,19,9,69.9778704824694,50,1,0,0,0,0,0,11,0,0
2026-27,12,15,Alabama,13.6076662686607,9.37346371981471,22.9811299884754,13,0,-5.53525670552821,7,15,72.4131839826825,2,1,0,0,0,0,0,12,0,0
2026-27,13,14,Miami (Fla.),14.6710299543708,8.02365249718971,22.6946824515605,4,0,13.9958265751219,5,23,68.8644781664823,158,1,0,0,0,0,0,13,0,0
2026-27,14,26,Texas Tech,14.6327412662456,7.84692844619157,22.4796697124371,12,0,3.73288913449413,6,27,67.8436788381253,261,1,0,0,0,0,0,14,0,0
2026-27,15,9,Louisville,11.8700958450965,10.3561360056629,22.2262318507594,11,0,9.71414276327458,15,11,70.2897056484416,35,1,0,0,0,0,0,15,0,0
2026-27,16,19,Michigan,10.9700784271573,10.2303360519308,21.200414479088,16,0,20.2451794901626,25,12,69.5240428404845,89,1,0,0,0,0,0,16,0,0
2026-27,17,11,Texas,12.4162547924853,8.73076168962494,21.1470164821103,10,0,-2.40897154948573,10,16,68.0126632910312,247,1,0,0,0,0,0,17,0,0
2026-27,18,12,Tennessee,10.6103741311858,9.5682091095462,20.178583240732,31,0,-3.21738936678499,30,14,67.3479413533866,296,1,0,0,0,0,0,18,0,0
2026-27,19,150,LSU,11.1333465594383,8.42926367033431,19.5626102297726,15,0,2.82784087791362,24,19,68.6765289127025,182,1,0,0,0,0,0,19,0,0
2026-27,20,13,Kentucky,11.2344456342247,8.22202014243978,19.4564657766645,20,0,3.08859749106677,23,20,69.5689329665298,85,1,0,0,0,0,0,20,0,0
2026-27,21,16,Arkansas,10.9700134639511,7.99204366243296,18.9620571263841,22,0,11.7577501602095,26,24,70.9122338465464,17,1,0,0,0,0,0,21,0,0
2026-27,22,17,UCLA,10.8489040665162,7.96711961933758,18.8160236858538,26,0,-4.55814370874065,29,25,66.912639352976,330,1,0,0,0,0,0,22,0,0
2026-27,23,18,Virginia,10.5960270821402,8.18214546872117,18.7781725508614,25,0,1.70059639433101,31,21,67.13440528057,311,1,0,0,0,0,0,23,0,0
2026-27,24,28,Auburn,11.9331911944219,6.5556941651233,18.4888853595452,18,0,2.58001281049231,13,42,68.5345332777159,198,1,0,0,0,0,0,24,0,0
2026-27,25,31,BYU,11.8138332471955,6.65703397298124,18.4708672201767,29,0,-0.256968839351959,18,41,70.2060970282712,39,1,0,0,0,0,0,25,0,0
2026-27,26,21,Baylor,12.3929259364603,5.97074956992507,18.3636755063854,21,0,-2.29752827686203,11,52,68.8515880767939,161,1,0,0,0,0,0,26,0,0
2026-27,27,22,Nebraska,9.83292275530216,8.52527175156305,18.3581945068652,32,0,-0.172508570134259,33,18,68.1253759115194,240,1,0,0,0,0,0,27,0,0
2026-27,28,23,Purdue,11.8596766524114,6.47424976764865,18.33392642006,37,0,9.76170071312524,16,44,66.5500734294002,344,1,0,0,0,0,0,28,0,0
2026-27,29,24,Georgia,10.9661365544599,6.95905393540996,17.9251904898699,27,0,3.28794981207263,27,35,71.4169540485886,10,1,0,0,0,0,0,29,0,0
2026-27,30,25,Villanova,10.8523920277371,6.81451459619242,17.6669066239295,30,0,-8.26625352191428,28,37,67.192850651127,304,1,0,0,0,0,0,30,0,0
2026-27,31,30,Marquette,9.04836575127629,8.57962420013498,17.6279899514113,23,0,-0.816623847899415,40,17,69.8566438352324,60,1,0,0,0,0,0,31,0,0
2026-27,32,43,Oklahoma,11.4007807817754,6.14947906460959,17.550259846385,24,0,-3.42068518124576,21,48,68.0860178198618,241,1,0,0,0,0,0,32,0,0
2026-27,33,27,Vanderbilt,9.5149594806777,7.90911693059475,17.4240764112725,33,0,2.80390688072371,37,26,69.4453925627393,99,1,0,0,0,0,0,33,0,0
2026-27,34,29,Ohio State,10.4433528800309,6.78388513849246,17.2272380185234,35,0,5.94411367577728,32,38,67.8196980894926,266,1,0,0,0,0,0,34,0,0
2026-27,35,42,Texas A&M,9.62803793047551,6.7265038384125,16.354541768888,39,0,-5.02641785475884,35,40,70.6538985366074,20,1,0,0,0,0,0,35,0,0
2026-27,36,45,NC State,11.4268716695636,4.23800088582675,15.6648725553903,36,0,5.49937984168047,20,72,69.1926669076709,126,1,0,0,0,0,0,36,0,0
2026-27,37,32,USC,7.28771141492035,8.10628005240833,15.3939914673287,28,0,3.51195900602329,49,22,70.3177308898272,33,1,0,0,0,0,0,37,0,0
2026-27,38,33,Wisconsin,9.07818859996977,6.00040108339094,15.0785896833607,47,0,-7.0222827971242,39,50,69.0714481961032,133,1,0,0,0,0,0,38,0,0
2026-27,39,54,Missouri,9.52210769015756,5.55145352593176,15.0735612160893,38,0,0.649819101953891,36,55,68.0534810886896,243,1,0,0,0,0,0,39,0,0
2026-27,40,39,Creighton,9.80244271918071,4.61170609751514,14.4141488166959,40,0,3.17924619150525,34,65,68.7796179453455,165,1,0,0,0,0,0,40,0,0
2026-27,41,35,Maryland,7.29567701698142,7.09221232037059,14.387889337352,34,0,3.08044667449123,48,31,68.1327316267829,239,1,0,0,0,0,0,41,0,0
2026-27,42,50,West Virginia,6.91736503482142,7.43718079559484,14.3545458304163,45,0,3.89741967154054,55,28,65.8466258406484,363,1,0,0,0,0,0,42,0,0
2026-27,43,63,Grand Canyon,6.97012898332159,7.29623189509309,14.2663608784147,43,0,6.94688018628142,52,30,68.8828955277205,154,1,0,0,0,0,0,43,0,0
2026-27,44,40,Cincinnati,7.96987936730614,6.29027011045405,14.2601494777602,60,0,16.1697754776657,43,45,68.6826789645092,180,1,0,0,0,0,0,44,0,0
2026-27,45,36,VCU,7.13756186507285,6.99090344392934,14.1284653090022,57,0,3.87608841089125,50,33,69.3137428321441,115,1,0,0,0,0,0,45,0,0
2026-27,46,49,Ole Miss,6.99883844787589,7.02350245111166,14.0223408989876,42,0,1.3855122634717,51,32,67.8826703749785,256,1,0,0,0,0,0,46,0,0
2026-27,47,37,Iowa,7.76614607005526,6.21526917027765,13.9814152403329,56,0,6.47158506777004,46,46,65.9866928250991,361,1,0,0,0,0,0,47,0,0
2026-27,48,59,Utah State,9.34336564009184,4.39124279412405,13.7346084342159,46,0,0.00194373343357475,38,69,68.6931705806391,178,1,0,0,0,0,0,48,0,0
2026-27,49,38,TCU,6.95657926657333,6.77046566808023,13.7270449346536,53,0,7.57206088625268,53,39,68.8789443489276,155,1,0,0,0,0,0,49,0,0
2026-27,50,58,Minnesota,7.77374645278562,5.77773508478503,13.5514815375706,41,0,8.40417695807589,45,53,65.5889888915478,365,1,0,0,0,0,0,50,0,0
2026-27,51,41,Clemson,6.19066984475735,7.29784107117177,13.4885109159291,55,0,5.97420767352315,62,29,66.6107583924231,340,1,0,0,0,0,0,51,0,0
2026-27,52,44,Indiana,8.27784080135052,5.04664162706973,13.3244824284203,49,0,2.92027444935762,42,59,67.8688288662851,258,1,0,0,0,0,0,52,0,0
2026-27,53,48,Providence,6.6980076256722,6.49972075116353,13.1977283768357,50,0,0.48344645180376,59,43,69.8229333654628,64,1,0,0,0,0,0,53,0,0
2026-27,54,46,Virginia Tech,7.89500710345828,5.14848123382781,13.0434883372861,44,0,2.0152392445698,44,57,68.2526210463016,229,1,0,0,0,0,0,54,0,0
2026-27,55,47,North Carolina,6.07060334038209,6.96966875739431,13.0402720977764,52,0,3.21631957207142,64,34,68.7461449852824,171,1,0,0,0,0,0,55,0,0
2026-27,56,65,Oklahoma State,8.31897952452347,3.61473938122813,11.9337189057516,48,0,5.58132438516632,41,82,71.5133999907881,9,1,0,0,0,0,0,56,0,0
2026-27,57,51,Oregon,5.864514257689,6.01998071048374,11.8844949681727,51,0,8.30061463765087,68,49,67.8049825896066,268,1,0,0,0,0,0,57,0,0
2026-27,58,52,New Mexico,6.68593538780474,5.05551154901702,11.7414469368218,64,0,2.35666854480691,60,58,70.2661103287598,38,1,0,0,0,0,0,58,0,0
2026-27,59,53,SMU,6.89354594350435,4.40989291775654,11.3034388612609,63,0,16.079056115064,56,68,69.5017182013435,93,1,0,0,0,0,0,59,0,0
2026-27,60,55,Saint Louis,6.55548440216667,4.68406060860976,11.2395450107764,73,0,3.56338257116032,61,64,70.9775507592139,15,1,0,0,0,0,0,60,0,0
2026-27,61,56,Xavier,7.75698365146482,3.23174257415088,10.9887262256157,54,0,4.94232063883907,47,87,70.5682471571443,24,1,0,0,0,0,0,61,0,0
2026-27,62,57,Syracuse,6.17187025115899,4.69200882513825,10.8638790762972,59,0,-2.11209170525786,63,63,68.8696024424969,157,1,0,0,0,0,0,62,0,0
2026-27,63,74,Georgetown,4.66157749835554,5.98887360464226,10.6504511029978,58,0,6.3328416861454,78,51,67.8877470502695,255,1,0,0,0,0,0,63,0,0
2026-27,64,60,High Point,6.72351776317419,3.53055187412667,10.2540696373009,66,0,0.0394969254795048,58,83,70.1319506751475,42,1,0,0,0,0,0,64,0,0
2026-27,65,61,Florida State,4.28264781700056,5.62984677159867,9.91249458859923,62,0,-0.536367509255616,85,54,70.6038011513676,23,1,0,0,0,0,0,65,0,0
2026-27,66,62,Arizona State,5.90223722941188,4.00914996596075,9.91138719537262,71,0,2.89058857282297,67,75,69.1797450601713,128,1,0,0,0,0,0,66,0,0
2026-27,67,64,Washington,5.71531173632705,3.8058942138533,9.52120595018035,67,0,4.07613796985923,69,79,68.483093741551,207,1,0,0,0,0,0,67,0,0
2026-27,68,66,Santa Clara,6.92379716471446,2.38084864103198,9.30464580574644,84,0,11.0880128341063,54,97,69.665936981505,77,1,0,0,0,0,0,68,0,0
2026-27,69,84,Stanford,5.42635081359156,3.82516786729508,9.25151868088664,69,0,1.95488689034976,72,78,68.4884306005731,204,1,0,0,0,0,0,69,0,0
2026-27,70,67,Dayton,3.74871338618475,5.36782761024782,9.11654099643256,77,0,1.3211674497258,92,56,68.1936508917062,236,1,0,0,0,0,0,70,0,0
2026-27,71,82,Utah,5.1327361411166,3.89814789201062,9.03088403312722,61,0,2.41457367646277,74,76,68.3465668917238,216,1,0,0,0,0,0,71,0,0
2026-27,72,68,Wichita State,4.40459048270974,4.58728663245678,8.99187711516652,75,0,11.1429721594879,82,66,68.699134155958,176,1,0,0,0,0,0,72,0,0
2026-27,73,69,Colorado State,6.73186886824412,2.13252035427012,8.86438922251424,76,0,3.46511654328843,57,103,66.2872814938742,351,1,0,0,0,0,0,73,0,0
2026-27,74,70,Pittsburgh,4.85546384477293,3.89100772510085,8.74647156987378,68,0,8.43758534103205,77,77,66.3328506544257,348,1,0,0,0,0,0,74,0,0
2026-27,75,71,UCF,6.05603908523354,2.6376643557027,8.69370344093623,79,0,-1.24469025072615,65,94,69.9264065532255,56,1,0,0,0,0,0,75,0,0
2026-27,76,72,Mississippi State,4.42161179162739,4.14262093281545,8.56423272444284,70,0,-0.442753346426471,80,73,69.9636752477573,51,1,0,0,0,0,0,76,0,0
2026-27,77,73,San Diego State,3.87969324465419,4.38223038916493,8.26192363381912,96,0,-5.79015272517514,90,70,69.212200759063,123,1,0,0,0,0,0,77,0,0
2026-27,78,75,DePaul,1.82004081191458,6.16612913427319,7.98616994618777,65,0,-5.45195191368958,117,47,67.763744011509,271,1,0,0,0,0,0,78,0,0
2026-27,79,76,Colorado,5.70458186700824,2.24330673194282,7.94788859895107,83,0,1.54858300832774,70,100,69.4713671056526,97,1,0,0,0,0,0,79,0,0
2026-27,80,77,Nevada,3.49904028558442,4.44632370633118,7.9453639919156,88,0,-3.63551709248787,95,67,67.8687664159681,259,1,0,0,0,0,0,80,0,0
2026-27,81,78,Oregon State,5.58868384845685,2.34929350851822,7.93797735697507,72,0,3.5247906654641,71,98,68.4915293727045,203,1,0,0,0,0,0,81,0,0
2026-27,82,106,Boise State,4.25344057069642,3.62331718109583,7.87675775179224,94,0,1.70920788925756,86,81,67.2886738790543,302,1,0,0,0,0,0,82,0,0
2026-27,83,79,Notre Dame,4.85736920092067,2.94239321825889,7.79976241917956,74,0,-5.21258355814704,76,90,67.9055075239808,254,1,0,0,0,0,0,83,0,0
2026-27,84,83,Seton Hall,0.843392842018514,6.95288844674708,7.7962812887656,87,0,3.00797633155101,136,36,67.1817200194735,306,1,0,0,0,0,0,84,0,0
2026-27,85,80,Kansas State,4.28473983854353,2.71401031394433,6.99875015248786,90,0,11.0427898824107,84,92,69.9391031466108,54,1,0,0,0,0,0,85,0,0
2026-27,86,81,Illinois-Chicago,3.60007116952995,3.28689819904274,6.8869693685727,82,0,4.84930704633994,94,86,68.2660419374314,224,1,0,0,0,0,0,86,0,0
2026-27,87,85,California,2.42079094355816,4.12989391956638,6.55068486312454,85,0,0.278221363748093,110,74,69.1213055745372,130,1,0,0,0,0,0,87,0,0
2026-27,88,86,Murray State,6.03040680038442,0.499768029326377,6.5301748297108,78,0,4.89550663788039,66,139,71.0644105426676,12,1,0,0,0,0,0,88,0,0
2026-27,89,87,McNeese State,1.21490381231723,4.98810912618101,6.20301293849824,116,0,5.32322707183059,128,61,67.756936530878,272,1,0,0,0,0,0,89,0,0
2026-27,90,88,George Washington,3.9671701412206,2.21567004251708,6.18284018373769,92,0,6.84778926675791,88,101,69.7677635698908,68,1,0,0,0,0,0,90,0,0
2026-27,91,89,Butler,4.3104854371242,1.86612231692276,6.17660775404695,81,0,13.6378487420089,83,107,69.249137028697,119,1,0,0,0,0,0,91,0,0
2026-27,92,90,Rutgers,3.07422676090838,2.94291225716507,6.01713901807345,80,0,8.0523086525895,103,89,68.4078348331681,213,1,0,0,0,0,0,92,0,0
2026-27,93,91,Northwestern,4.01904399504252,1.88727809912642,5.90632209416894,107,0,6.36854273831534,87,106,66.9989745483062,320,1,0,0,0,0,0,93,0,0
2026-27,94,92,Memphis,3.69039805069672,2.08531911681588,5.77571716751261,89,0,-2.16554558245159,93,104,70.0967650350681,45,1,0,0,0,0,0,94,0,0
2026-27,95,93,UNLV,2.10703378510468,3.6386608147794,5.74569459988407,93,0,-11.1738947316503,111,80,70.0386796089843,48,1,0,0,0,0,0,95,0,0
2026-27,96,94,South Florida,4.56087132376399,1.16977707066439,5.73064839442837,100,0,-0.42619924555237,79,119,69.8583699044173,59,1,0,0,0,0,0,96,0,0
2026-27,97,95,Tulsa,3.85623518420491,1.84842606718019,5.7046612513851,95,0,-4.55224658348239,91,108,69.3701759217767,108,1,0,0,0,0,0,97,0,0
2026-27,98,96,Akron,3.94008860588517,1.61343602488821,5.55352463077338,97,0,3.60251242304141,89,112,69.4990539945181,94,1,0,0,0,0,0,98,0,0
2026-27,99,97,South Carolina,2.79923182104664,2.65140793578677,5.45063975683341,91,0,-3.87825656615197,108,93,67.6136207837247,285,1,0,0,0,0,0,99,0,0
2026-27,100,98,Wake Forest,2.97440825168447,2.3335763386744,5.30798459035887,108,0,3.411408854496,104,99,69.0245616247568,142,1,0,0,0,0,0,100,0,0
2026-27,101,112,Penn State,4.90467854926034,0.320548840996134,5.22522739025648,86,0,7.89802016453251,75,143,68.6095961765353,191,1,0,0,0,0,0,101,0,0
2026-27,102,99,Saint Mary's,1.55547250542694,3.42232224464818,4.97779475007511,101,0,-5.10655636907401,123,85,68.4451266452281,210,1,0,0,0,0,0,102,0,0
2026-27,103,100,George Mason,1.74636349085611,2.96064469321376,4.70700818406987,109,0,-1.14086561114626,119,88,66.1290459083926,357,1,0,0,0,0,0,103,0,0
2026-27,104,101,Georgia Tech,4.4199271257764,0.196602737865573,4.61652986364198,98,0,8.89387251876122,81,146,69.5382711755947,87,1,0,0,0,0,0,104,0,0
2026-27,105,102,Liberty,5.1556613800056,-0.549133606709188,4.60652777329641,103,0,-5.16636988977788,73,167,66.5560826897363,343,1,0,0,0,0,0,105,0,0
2026-27,106,103,UC San Diego,1.74107452440691,2.76738365522205,4.50845817962895,120,0,6.82128223236422,120,91,68.5310826418048,199,1,0,0,0,0,0,106,0,0
2026-27,107,104,Boston College,3.07777689169269,1.23506112258692,4.31283801427961,104,0,-0.100020879227822,102,118,68.4868452437627,205,1,0,0,0,0,0,107,0,0
2026-27,108,105,UC Santa Barbara,3.4942731047998,0.781231910757992,4.27550501555779,99,0,1.57524028610176,97,130,66.9827788354637,322,1,0,0,0,0,0,108,0,0
2026-27,109,107,North Texas,-1.06796764833643,5.02741975456734,3.9594521062309,121,0,0.426073208648311,187,60,66.7467744804664,334,1,0,0,0,0,0,109,0,0
2026-27,110,108,UNC Wilmington,2.80509772473915,1.10738590083253,3.91248362557168,112,0,-1.29788251953872,107,121,67.1579614654282,308,1,0,0,0,0,0,110,0,0
2026-27,111,109,Miami (OH),3.38492565475463,0.419043385025648,3.80396903978028,115,0,-6.47033489202374,99,141,70.0714327292585,46,1,0,0,0,0,0,111,0,0
2026-27,112,110,Drake,3.437006566962,0.247813358753885,3.68481992571588,102,0,5.63712158075746,98,144,68.2738915565038,222,1,0,0,0,0,0,112,0,0
2026-27,113,111,Harvard,1.14970987301169,2.51785211111457,3.66756198412626,113,0,-0.566793779971877,129,95,66.1827375770413,356,1,0,0,0,0,0,113,0,0
2026-27,114,113,San Francisco,1.04318655105961,2.45201004753136,3.49519659859097,114,0,-2.03633167382258,130,96,67.8096120858006,267,1,0,0,0,0,0,114,0,0
2026-27,115,114,Temple,3.36421913815127,-0.125802327718051,3.23841681043322,105,0,6.23297328410148,100,152,67.1069144602342,313,1,0,0,0,0,0,115,0,0
2026-27,116,115,Saint Bonaventure,1.81228760771651,1.24122955938536,3.05351716710188,110,0,2.0682335066742,118,117,68.8968774444157,153,1,0,0,0,0,0,116,0,0
2026-27,117,116,Florida Atlantic,1.8684989340981,1.1459774443067,3.0144763784048,123,0,8.2485267653164,115,120,70.1720497471739,40,1,0,0,0,0,0,117,0,0
2026-27,118,117,Rhode Island,0.931980690735176,2.03531953938175,2.96730023011693,111,0,7.3923658482267,133,105,67.9790455807282,249,1,0,0,0,0,0,118,0,0
2026-27,119,118,Illinois State,1.93761592314338,0.852985098488981,2.79060102163236,128,0,0.60345769572398,114,129,67.9661524339462,250,1,0,0,0,0,0,119,0,0
2026-27,120,119,Duquesne,1.6886723033339,0.997322436189208,2.68599473952311,124,0,-4.05667139446418,121,125,69.2765731498351,117,1,0,0,0,0,0,120,0,0
2026-27,121,120,Western Kentucky,0.96402507995733,1.56585825791501,2.52988333787234,118,0,4.64867260213303,132,113,70.6452257210112,21,1,0,0,0,0,0,121,0,0
2026-27,122,121,Wyoming,2.73554437149753,-0.266204545221922,2.46933982627561,122,0,4.99101318157397,109,160,67.8820778371419,257,1,0,0,0,0,0,122,0,0
2026-27,123,122,Belmont,2.81687195631654,-0.669185814982086,2.14768614133445,127,0,-4.74113502743423,106,172,69.1351546625327,129,1,0,0,0,0,0,123,0,0
2026-27,124,123,Loyola Chicago,0.595440981123928,1.45942549368238,2.05486647480631,106,0,-7.61673646320799,142,115,67.5165795293508,290,1,0,0,0,0,0,124,0,0
2026-27,125,124,Davidson,2.08252416108061,-0.307510804865282,1.77501335621533,135,0,-2.85971458097102,112,163,66.4604022416575,347,1,0,0,0,0,0,125,0,0
2026-27,126,125,St. Thomas (MN),1.52882486950873,0.168843455425629,1.69766832493436,130,0,-0.874155491668305,124,148,69.0306980904143,140,1,0,0,0,0,0,126,0,0
2026-27,127,126,Seattle,-2.64101316201057,4.24241687945637,1.60140371744579,151,0,-1.22815758415793,230,71,68.7362114935375,173,1,0,0,0,0,0,127,0,0
2026-27,128,127,UAB,0.66319839664092,0.874086013739233,1.53728441038015,136,0,0.887885135920268,141,127,69.8000099381732,66,1,0,0,0,0,0,128,0,0
2026-27,129,128,Fordham,-0.0759587051710645,1.5429609292438,1.46700222407274,126,0,4.69507102337126,153,114,66.9811027328312,323,1,0,0,0,0,0,129,0,0
2026-27,130,129,UC Irvine,-3.32546527029486,4.77868684216344,1.45322157186858,166,0,3.21429058009109,254,62,69.3601232014084,110,1,0,0,0,0,0,130,0,0
2026-27,131,130,Montana State,0.785004775682103,0.668021221433027,1.45302599711513,132,0,-2.44633918830971,138,135,67.5894481351746,286,1,0,0,0,0,0,131,0,0
2026-27,132,131,Loyola Marymount,0.0512634915125085,1.39057436514996,1.44183785666247,125,0,-2.47689308979222,150,116,68.298163804101,219,1,0,0,0,0,0,132,0,0
2026-27,133,132,Utah Valley,-0.317133303798958,1.63176452727419,1.31463122347523,159,0,0.978535115602346,161,111,69.402300379225,102,1,0,0,0,0,0,133,0,0
2026-27,134,133,Texas State,0.744715209614833,0.539353952138866,1.2840691617537,117,0,-1.07123518866913,139,138,68.1500293779634,237,1,0,0,0,0,0,134,0,0
2026-27,135,134,Stephen F. Austin,0.577204738319271,0.566498645264403,1.14370338358367,149,0,1.55336422496236,143,137,67.6387162606736,280,1,0,0,0,0,0,135,0,0
2026-27,136,135,Arkansas State,1.58816164266085,-0.604989190916108,0.983172451744744,141,0,1.64238301960376,122,168,71.5898045393138,8,1,0,0,0,0,0,136,0,0
2026-27,137,136,Kent State,-0.0955808576678739,1.04164286662968,0.946062008961809,133,0,-1.26760048730103,156,123,70.2665448738485,37,1,0,0,0,0,0,137,0,0
2026-27,138,137,Saint Joseph's,-2.50974692044931,3.44498109034036,0.935234169891046,164,0,-3.87840044637448,228,84,68.942136651167,149,1,0,0,0,0,0,138,0,0
2026-27,139,138,Pepperdine,1.83375105262031,-1.05952397499318,0.774227077627128,119,0,14.7535295491924,116,187,68.5864421973786,194,1,0,0,0,0,0,139,0,0
2026-27,140,139,Hofstra,-1.04484466165528,1.81842655126061,0.773581889605327,181,0,-3.74430998147694,183,109,66.9345733920232,329,1,0,0,0,0,0,140,0,0
2026-27,141,140,Richmond,0.884829137664185,-0.161536258489743,0.723292879174443,129,0,6.66001149535511,135,153,68.5084482330053,201,1,0,0,0,0,0,141,0,0
2026-27,142,141,Hawaii,-0.389737558158195,1.07534977650935,0.685612218351156,148,0,3.93205063281052,166,122,69.7675017891877,69,1,0,0,0,0,0,142,0,0
2026-27,143,142,Princeton,1.27758533946306,-0.648337367551428,0.62924797191163,142,0,-9.77916091408187,126,171,66.5747038317751,342,1,0,0,0,0,0,143,0,0
2026-27,144,143,North Dakota State,0.805621347871541,-0.205496829199603,0.600124518671938,146,0,3.36577952996241,137,156,68.0531057626587,244,1,0,0,0,0,0,144,0,0
2026-27,145,144,Penn,-0.479486525771323,1.03737654516861,0.55789001939729,143,0,1.52944276103142,171,124,69.6006831106533,82,1,0,0,0,0,0,145,0,0
2026-27,146,145,New Mexico State,-0.378208314534002,0.730073698228226,0.351865383694224,134,0,-3.20657848747027,165,132,67.9469426288026,251,1,0,0,0,0,0,146,0,0
2026-27,147,146,Massachusetts,-0.128827130444539,0.191436494184432,0.0626093637398922,131,0,9.09742179232778,158,147,70.3220273300001,32,1,0,0,0,0,0,147,0,0
2026-27,148,147,Kennesaw State,-0.850434726130418,0.73059033857958,-0.119844387550838,154,0,-2.12515000554928,175,131,71.030475070374,13,1,0,0,0,0,0,148,0,0
2026-27,149,148,Valparaiso,-1.20038872178109,0.963824717524976,-0.236564004256117,138,0,-11.7695316972484,193,126,67.3971107043705,294,1,0,0,0,0,0,149,0,0
2026-27,150,149,Pacific,0.977641268080621,-1.2984914347585,-0.320850166677879,152,0,6.65055543590541,131,195,66.939860165151,328,1,0,0,0,0,0,150,0,0
2026-27,151,151,San Diego,-0.44876271003273,-0.215077282655619,-0.663839992688349,139,0,-4.04419237882955,169,158,68.7616546028878,169,1,0,0,0,0,0,151,0,0
2026-27,152,152,Merrimack,-2.40155329503668,1.69621062375888,-0.705342671277805,169,0,-5.78123467002556,223,110,66.1859473420521,355,1,0,0,0,0,0,152,0,0
2026-27,153,153,Fresno State,-1.42133970000328,0.672461584704851,-0.748878115298434,145,0,0.114578895720621,199,134,69.2049489118382,125,1,0,0,0,0,0,153,0,0
2026-27,154,154,Queens,3.49709431394841,-4.34564010516218,-0.84854579121377,140,0,-5.43073652597358,96,307,69.8546578458802,61,1,0,0,0,0,0,154,0,0
2026-27,155,155,James Madison,0.931349684367618,-1.79806563809335,-0.866715953725734,155,0,5.66989113589387,134,216,67.8486290765861,260,1,0,0,0,0,0,155,0,0
2026-27,156,156,Central Arkansas,-0.0878570454420349,-0.939297886628854,-1.02715493207089,153,0,4.00506554064499,154,181,69.3454833166102,111,1,0,0,0,0,0,156,0,0
2026-27,157,157,Wright State,-0.02235060818782,-1.01839680497079,-1.04074741315861,168,0,3.79504434695843,151,185,68.6555349630459,187,1,0,0,0,0,0,157,0,0
2026-27,158,158,Portland State,-1.68706783326201,0.633257208526187,-1.05381062473582,165,0,-6.25985520000314,205,136,68.8417178632146,162,1,0,0,0,0,0,158,0,0
2026-27,159,159,Tulane,0.0999692561054094,-1.23093268965614,-1.13096343355073,150,0,1.06539753478534,148,192,68.6098594520657,190,1,0,0,0,0,0,159,0,0
2026-27,160,160,College of Charleston,-0.261970252903934,-0.902468810055965,-1.1644390629599,158,0,2.88268354570999,159,179,68.6016779406735,192,1,0,0,0,0,0,160,0,0
2026-27,161,161,Toledo,0.35685466732961,-1.55676507917414,-1.19991041184453,173,0,8.79149333597797,144,204,69.3886031824047,105,1,0,0,0,0,0,161,0,0
2026-27,162,162,Furman,-1.05194422133439,-0.183161617311227,-1.23510583864562,178,0,5.36012106279784,184,154,67.7527091363765,273,1,0,0,0,0,0,162,0,0
2026-27,163,163,East Tennessee State,-1.02816512667964,-0.286450450349346,-1.31461557702898,199,0,3.26030848204737,182,161,67.8198329741785,265,1,0,0,0,0,0,163,0,0
2026-27,164,164,Ohio,2.0019441722566,-3.34695187331602,-1.34500770105942,147,0,1.44704604599974,113,275,69.5060797473427,91,1,0,0,0,0,0,164,0,0
2026-27,165,165,Robert Morris,-0.437110378121758,-0.910783151032726,-1.34789352915448,170,0,-6.12115334190164,168,180,66.9748221875756,324,1,0,0,0,0,0,165,0,0
2026-27,166,166,Samford,1.38201725705424,-2.73699905964507,-1.35498180259083,187,0,-4.11050464166983,125,252,68.9932428425122,143,1,0,0,0,0,0,166,0,0
2026-27,167,167,Charlotte,-1.16410573259085,-0.19200376334521,-1.35610949593606,144,0,-1.14050303445172,191,155,68.0776886803097,242,1,0,0,0,0,0,167,0,0
2026-27,168,168,American,-0.301463919439111,-1.06668687198904,-1.36815079142815,157,0,-2.63282231294699,160,188,67.9933230953463,248,1,0,0,0,0,0,168,0,0
2026-27,169,169,Howard,-0.7138324620882,-0.697759142681197,-1.4115916047694,176,0,-6.83480911476191,173,174,69.7526499204342,71,1,0,0,0,0,0,169,0,0
2026-27,170,170,Yale,0.0625935040388716,-1.58938938280111,-1.52679587876224,255,0,4.62991544261299,149,206,67.1051888990839,314,1,0,0,0,0,0,170,0,0
2026-27,171,171,Quinnipiac,-1.34852629483567,-0.208862435391645,-1.55738873022731,163,0,-7.29578957735997,197,157,70.1421804578031,41,1,0,0,0,0,0,171,0,0
2026-27,172,172,Washington State,0.326555671134754,-2.043813249684,-1.71725757854925,185,0,3.92690843604561,145,228,68.8759225352431,156,1,0,0,0,0,0,172,0,0
2026-27,173,173,Towson,-3.88783744106421,2.16339906083822,-1.72443838022599,204,0,-0.490398322443524,271,102,66.20785415076,353,1,0,0,0,0,0,173,0,0
2026-27,174,174,East Carolina,-1.80511255808219,-0.0305618925025298,-1.83567445058472,137,0,-6.11614434278336,213,150,69.1884790748127,127,1,0,0,0,0,0,174,0,0
2026-27,175,175,Tennessee State,-1.72489481606354,-0.123613068374931,-1.84850788443848,162,0,-3.52904556465524,208,151,70.4900742204333,27,1,0,0,0,0,0,175,0,0
2026-27,176,176,Cornell,2.95217024875339,-4.85894108952022,-1.90677084076683,191,0,-4.57654958313413,105,321,71.0223882710926,14,1,0,0,0,0,0,176,0,0
2026-27,177,177,Western Michigan,3.18988803143798,-5.15444627936891,-1.96455824793093,156,0,8.90892453149442,101,329,68.9728274223663,146,1,0,0,0,0,0,177,0,0
2026-27,178,178,Wofford,0.732967698455772,-2.74139207994026,-2.00842438148449,160,0,5.56279475213276,140,253,68.8610768113413,159,1,0,0,0,0,0,178,0,0
2026-27,179,179,Austin Peay,-0.328347638019202,-1.69602516846738,-2.02437280648659,167,0,-6.38924370183464,162,213,69.5245950184511,88,1,0,0,0,0,0,179,0,0
2026-27,180,180,Northern Iowa,-2.21652209210694,0.141228214827804,-2.07529387727914,196,0,6.6643072122087,220,149,67.4819442963543,292,1,0,0,0,0,0,180,0,0
2026-27,181,181,Vermont,-0.0230945190358695,-2.05927957749267,-2.08237409652854,193,0,0.304825165630328,152,229,66.6601689184612,339,1,0,0,0,0,0,181,0,0
2026-27,182,182,Middle Tennessee,-1.74856505280566,-0.360788255963534,-2.1093533087692,189,0,3.44496169102083,210,164,67.6298894426745,283,1,0,0,0,0,0,182,0,0
2026-27,183,183,Eastern Washington,1.25103665899736,-3.41399469411516,-2.1629580351178,171,0,-3.61270075909124,127,277,68.6913369183716,179,1,0,0,0,0,0,183,0,0
2026-27,184,184,Bradley,-1.22747724855972,-0.957122550364503,-2.18459979892422,247,0,7.34064464935521,194,182,68.4847622429813,206,1,0,0,0,0,0,184,0,0
2026-27,185,185,Montana,0.245366458694115,-2.43307105683555,-2.18770459814144,188,0,-0.619345642718835,147,238,69.8159271273788,65,1,0,0,0,0,0,185,0,0
2026-27,186,186,Northern Colorado,-0.989698003062334,-1.30883423894707,-2.2985322420094,202,0,-0.841549023533103,181,196,69.3982449020251,104,1,0,0,0,0,0,186,0,0
2026-27,187,187,Bowling Green,-1.25746555641476,-1.09147420580889,-2.34893976222365,200,0,-6.25321152958553,195,189,69.4590429086232,98,1,0,0,0,0,0,187,0,0
2026-27,188,188,UC Davis,-1.75924910632633,-0.726239878857119,-2.48548898518345,213,0,-5.11456842981401,212,176,69.5638046351433,86,1,0,0,0,0,0,188,0,0
2026-27,189,189,Sam Houston State,-1.38463661930343,-1.4040532620544,-2.78868988135783,228,0,-6.49332508042266,198,201,70.3382411626362,31,1,0,0,0,0,0,189,0,0
2026-27,190,190,Presbyterian,-1.75596696043686,-1.03273497342537,-2.78870193386224,180,0,0.0958317521715959,211,186,66.7320255680465,335,1,0,0,0,0,0,190,0,0
2026-27,191,191,La Salle,-0.894612074934394,-1.96244367334479,-2.85705574827919,172,0,-4.85267934068228,176,222,68.0447159006309,245,1,0,0,0,0,0,191,0,0
2026-27,192,192,Siena,-0.109501958185284,-2.79380012823237,-2.90330208641765,206,0,-2.20194340118268,157,255,68.036177367412,246,1,0,0,0,0,0,192,0,0
2026-27,193,193,Winthrop,-0.466804420921741,-2.45964897012213,-2.92645339104388,224,0,2.26522048219541,170,240,70.4890105646853,28,1,0,0,0,0,0,193,0,0
2026-27,194,194,South Dakota State,-0.975182188003887,-2.0297859780649,-3.00496816606878,212,0,1.54628726238577,180,227,68.5030680316623,202,1,0,0,0,0,0,194,0,0
2026-27,195,195,Colgate,-1.05607351988645,-2.0083346535826,-3.06440817346905,210,0,5.40546819770362,185,226,68.2671842013125,223,1,0,0,0,0,0,195,0,0
2026-27,196,196,Lamar,-2.34011151579672,-0.770879990802334,-3.11099150659906,190,0,-4.70383369782377,221,177,68.4672121683004,208,1,0,0,0,0,0,196,0,0
2026-27,197,197,Western Carolina,-0.635697514854256,-2.63091293818972,-3.26661045304398,192,0,-13.5647246539938,172,248,69.1001391990188,131,1,0,0,0,0,0,197,0,0
2026-27,198,198,UTEP,-3.15887900173139,-0.251427424890477,-3.41030642662186,184,0,-0.581041063898621,247,159,67.6341165031075,281,1,0,0,0,0,0,198,0,0
2026-27,199,199,Lipscomb,-0.951821621740006,-2.47011309466495,-3.42193471640495,245,0,4.0788498288151,177,242,69.8500496037721,62,1,0,0,0,0,0,199,0,0
2026-27,200,200,Fairfield,-1.58515535673562,-1.91073088052986,-3.49588623726548,201,0,1.65324937803386,202,220,68.4229068872196,212,1,0,0,0,0,0,200,0,0
2026-27,201,201,Columbia,-1.46020495909705,-2.09461740403325,-3.5548223631303,209,0,0.205925082587367,200,231,68.7440346874007,172,1,0,0,0,0,0,201,0,0
2026-27,202,202,Indiana State,-1.72080409506447,-1.84663905680481,-3.56744315186928,217,0,-11.4970518366368,207,219,69.3828561175761,106,1,0,0,0,0,0,202,0,0
2026-27,203,203,Tennessee Tech,-0.972148317805577,-2.62011332723837,-3.59226164504395,186,0,-2.63429223989159,179,247,68.6243716337586,189,1,0,0,0,0,0,203,0,0
2026-27,204,204,Elon,-0.961864039604018,-2.64446515238329,-3.60632919198731,179,0,-5.97898035079302,178,249,68.2419856328939,230,1,0,0,0,0,0,204,0,0
2026-27,205,205,Marshall,-1.72006662591599,-1.96582881507029,-3.68589544098629,218,0,-8.32340112959982,206,223,70.1231093461228,43,1,0,0,0,0,0,205,0,0
2026-27,206,206,Ball State,-2.12867980332519,-1.63059378923088,-3.75927359255607,194,0,6.7411776211186,217,209,67.8296882331096,263,1,0,0,0,0,0,206,0,0
2026-27,207,228,Sacramento State,-1.64173092944644,-2.20107484758281,-3.84280577702925,174,0,6.87516938560776,204,234,70.9358516729892,16,1,0,0,0,0,0,207,0,0
2026-27,208,207,Milwaukee,-1.06636354505159,-2.83580671219771,-3.9021702572493,195,0,4.06431450022103,186,258,68.8076400305663,164,1,0,0,0,0,0,208,0,0
2026-27,209,208,Florida International,-0.412324652244493,-3.6502355590195,-4.06256021126399,222,0,0.918965459665251,167,284,69.7268801409457,72,1,0,0,0,0,0,209,0,0
2026-27,210,209,Old Dominion,-1.73075410546315,-2.37560379658833,-4.10635790205148,198,0,-7.86116555170902,209,237,69.6419155059973,80,1,0,0,0,0,0,210,0,0
2026-27,211,210,Northern Illinois,-0.37490357475779,-3.74333714023605,-4.11824071499384,183,0,2.54678296111351,164,287,68.7608624565114,170,1,0,0,0,0,0,211,0,0
2026-27,212,211,Radford,-2.15883698376197,-2.00592627549594,-4.16476325925791,207,0,-1.00818235295104,218,225,70.2836552314139,36,1,0,0,0,0,0,212,0,0
2026-27,213,212,San Jose State,-0.329345576957423,-3.84803907039892,-4.17738464735635,175,0,10.7269439632581,163,292,67.004863971475,319,1,0,0,0,0,0,213,0,0
2026-27,214,213,Troy,-2.54238069518815,-1.64923149087795,-4.1916121860661,233,0,1.88827471041522,229,211,68.2762614930259,221,1,0,0,0,0,0,214,0,0
2026-27,215,214,Louisiana-Lafayette,-3.61250826630474,-0.618343836855478,-4.23085210316022,177,0,-4.73626022399291,264,169,66.322499576799,349,1,0,0,0,0,0,215,0,0
2026-27,216,215,Southern Illinois,-5.11818412310902,0.866845495533502,-4.25133862757552,267,0,-2.36240147955184,287,128,69.3984946369763,103,1,0,0,0,0,0,216,0,0
2026-27,217,216,Longwood,-2.97013619238343,-1.29286596602651,-4.26300215840994,221,0,1.58514024743363,239,194,69.4794470970076,96,1,0,0,0,0,0,217,0,0
2026-27,218,217,Northern Kentucky,-2.90879334124165,-1.37465555205984,-4.28344889330149,248,0,2.65993616731557,238,199,69.866356272578,57,1,0,0,0,0,0,218,0,0
2026-27,219,218,Missouri State,-3.49714868871127,-0.786951543011833,-4.28410023172311,232,0,-0.0128982515705799,260,178,67.2998442879958,301,1,0,0,0,0,0,219,0,0
2026-27,220,219,Buffalo,-1.11012022499183,-3.17815400516471,-4.28827423015653,182,0,-5.49282720530359,189,269,68.2621450614741,226,1,0,0,0,0,0,220,0,0
2026-27,221,220,UNC Greensboro,-1.25776377663238,-3.09397748714837,-4.35174126378075,203,0,0.816088745104178,196,265,68.9734680892727,145,1,0,0,0,0,0,221,0,0
2026-27,222,221,Oakland,-1.19138915338504,-3.20225675041269,-4.39364590379773,237,0,-8.17316631436765,192,271,69.8629017651617,58,1,0,0,0,0,0,222,0,0
2026-27,223,222,Cal Poly,-1.06821166781467,-3.36816759625769,-4.43637926407236,226,0,13.3887213529366,188,276,72.6573218930366,1,1,0,0,0,0,0,223,0,0
2026-27,224,223,Eastern Michigan,-3.35089860813749,-1.19363424109685,-4.54453284923434,205,0,-6.28656482401608,255,191,68.3419604927953,217,1,0,0,0,0,0,224,0,0
2026-27,225,224,Cal State Fullerton,-1.88023781925895,-2.67675634553032,-4.55699416478928,231,0,-7.34726421930559,214,251,72.0335207284196,5,1,0,0,0,0,0,225,0,0
2026-27,226,225,Iona,-3.19207532620953,-1.3687517332386,-4.56082705944813,240,0,-0.946810677412979,249,197,69.6604597179187,78,1,0,0,0,0,0,226,0,0
2026-27,227,226,Hampton,-2.75354140817414,-1.9373098746441,-4.69085128281824,197,0,-5.0929104388611,233,221,67.3397527526324,298,1,0,0,0,0,0,227,0,0
2026-27,228,227,Jacksonville State,-3.12139350397016,-1.58884514332411,-4.71023864729427,239,0,4.11001581884145,244,205,67.1741262650143,307,1,0,0,0,0,0,228,0,0
2026-27,229,229,Fort Wayne,-2.47309178233946,-2.26761815867294,-4.7407099410124,234,0,8.83483198765979,227,235,68.8326584095503,163,1,0,0,0,0,0,229,0,0
2026-27,230,230,Arkansas-Little Rock,-3.42063796367294,-1.37411351510648,-4.79475147877942,214,0,-10.5778066374262,257,198,68.3534328934076,215,1,0,0,0,0,0,230,0,0
2026-27,231,231,California Baptist,-3.21247207415411,-1.62534216299636,-4.83781423715048,249,0,3.44693524283382,250,208,68.5859362288034,195,1,0,0,0,0,0,231,0,0
2026-27,232,232,Mercer,-2.89856524872721,-2.07891094807661,-4.97747619680382,258,0,-1.06762822755335,237,230,69.7115892992033,75,1,0,0,0,0,0,232,0,0
2026-27,233,233,Monmouth,-3.6538769008578,-1.38111805216974,-5.03499495302754,242,0,3.34631155220575,266,200,68.4286269882816,211,1,0,0,0,0,0,233,0,0
2026-27,234,234,UTSA,-1.61900959652289,-3.48116900849472,-5.10017860501761,161,0,0.483742402593915,203,278,69.5951761906556,83,1,0,0,0,0,0,234,0,0
2026-27,235,235,Chattanooga,-1.12743416854635,-3.99041483610683,-5.11784900465318,219,0,1.72020769093037,190,296,68.1956414731598,235,1,0,0,0,0,0,235,0,0
2026-27,236,236,Navy,-4.0414732418878,-1.12114418224746,-5.16261742413526,280,0,-1.46946786197801,275,190,67.3184679509085,299,1,0,0,0,0,0,236,0,0
2026-27,237,237,UT Arlington,-5.88521015140928,0.703647536931592,-5.18156261447769,264,0,-3.42375637880593,300,133,67.1897989171406,305,1,0,0,0,0,0,237,0,0
2026-27,238,238,Florida Gulf Coast,-3.920141265201,-1.27461340787519,-5.19475467307619,235,0,-5.76512446703717,272,193,68.6684843886668,185,1,0,0,0,0,0,238,0,0
2026-27,239,239,Campbell,-1.9737735975248,-3.2496671708779,-5.2234407684027,236,0,6.96365491589424,216,273,69.5729462238258,84,1,0,0,0,0,0,239,0,0
2026-27,240,240,Appalachian State,-3.80849233008212,-1.43370120444177,-5.24219353452389,278,0,-4.4505351922827,268,202,66.0451777438271,360,1,0,0,0,0,0,240,0,0
2026-27,241,241,UNC Asheville,-3.24223032346425,-2.0036323760053,-5.24586269946955,251,0,3.87254983168912,251,224,66.9705461753886,325,1,0,0,0,0,0,241,0,0
2026-27,242,242,Northeastern,-1.46849415590787,-3.81995012070646,-5.28844427661433,211,0,5.9710192608411,201,291,69.9542228594823,52,1,0,0,0,0,0,242,0,0
2026-27,243,243,Long Island,-4.32443033859025,-0.973037613477847,-5.2974679520681,241,0,-6.25699852019413,281,184,69.2129140201902,122,1,0,0,0,0,0,243,0,0
2026-27,244,244,Texas A&M-Corpus Christi,-5.82915924472906,0.487993820720323,-5.34116542400874,271,0,-3.50233157508673,298,140,67.9371568849391,252,1,0,0,0,0,0,244,0,0
2026-27,245,245,Stony Brook,-2.64930746599091,-2.79955465363541,-5.44886211962632,225,0,0.125273153202736,231,256,67.7224596088546,275,1,0,0,0,0,0,245,0,0
2026-27,246,246,Portland,-2.43204660580279,-3.07682202238096,-5.50886862818375,216,0,2.58621031869248,224,264,69.3266020008063,114,1,0,0,0,0,0,246,0,0
2026-27,247,247,Brown,-5.92732496822981,0.397402824459701,-5.52992214377011,220,0,-1.07690702470529,301,142,68.562308464104,196,1,0,0,0,0,0,247,0,0
2026-27,248,248,Central Michigan,-2.87387433948321,-2.67436521217954,-5.54823955166275,223,0,-1.53393093222891,236,250,68.2613103231811,227,1,0,0,0,0,0,248,0,0
2026-27,249,249,Lehigh,-4.00514572317164,-1.59064130470082,-5.59578702787246,252,0,1.9982880297934,274,207,68.2986494945341,218,1,0,0,0,0,0,249,0,0
2026-27,250,250,UC Riverside,-3.44154096612144,-2.19273887600744,-5.63427984212888,230,0,6.47441695466341,258,233,69.5117908979217,90,1,0,0,0,0,0,250,0,0
2026-27,251,251,Tennessee-Martin,-5.224498601459,-0.451241838503242,-5.67574043996224,266,0,10.1206356026031,289,165,67.2097988806022,303,1,0,0,0,0,0,251,0,0
2026-27,252,252,Bethune-Cookman,-4.11277469398222,-1.6604022026865,-5.77317689666872,229,0,-0.989514732759971,279,212,69.5040705816879,92,1,0,0,0,0,0,252,0,0
2026-27,253,253,Tarleton State,-4.05955145120756,-1.80406808025782,-5.86361953146537,227,0,4.64854035427777,276,217,69.3434486957125,112,1,0,0,0,0,0,253,0,0
2026-27,254,254,Idaho,-3.54437271118185,-2.49680345018916,-6.04117616137101,269,0,6.72662700677035,262,244,68.6003389650802,193,1,0,0,0,0,0,254,0,0
2026-27,255,255,Georgia State,-2.46586443154651,-3.59086251135857,-6.05672694290508,215,0,-0.582402790687955,226,282,68.9248593040641,152,1,0,0,0,0,0,255,0,0
2026-27,256,256,Drexel,-5.88386377070103,-0.286964071072173,-6.17082784177321,282,0,-7.91176047980172,299,162,66.7139881259437,337,1,0,0,0,0,0,256,0,0
2026-27,257,257,Marist,-6.47862231729166,0.219936889081759,-6.2586854282099,296,0,3.28579765008237,320,145,67.9354570891276,253,1,0,0,0,0,0,257,0,0
2026-27,258,258,UMBC,-3.16673289054824,-3.15169099194518,-6.31842388249342,279,0,4.70046875997679,248,268,68.258020780409,228,1,0,0,0,0,0,258,0,0
2026-27,259,259,Utah Tech,-3.45190189373467,-2.87770612629167,-6.32960802002634,253,0,-2.68130201264797,259,260,68.2978359646783,220,1,0,0,0,0,0,259,0,0
2026-27,260,260,Oral Roberts,-2.36802406407498,-3.97724419452928,-6.34526825860426,238,0,8.57610350264219,222,295,69.0803993626745,132,1,0,0,0,0,0,260,0,0
2026-27,261,261,Delaware,-2.20432392920286,-4.19942280314676,-6.40374673234962,244,0,5.50051920874576,219,301,66.3076022931972,350,1,0,0,0,0,0,261,0,0
2026-27,262,262,Rice,-3.62488182137641,-2.82083406595202,-6.44571588732843,261,0,-1.81492708613903,265,257,67.5096844500151,291,1,0,0,0,0,0,262,0,0
2026-27,263,263,Southeast Missouri State,-6.01677526433882,-0.477758223345829,-6.49453348768465,274,0,-2.56234117028463,304,166,69.3603672013803,109,1,0,0,0,0,0,263,0,0
2026-27,264,264,William & Mary,-3.12026651930799,-3.49195127271935,-6.61221779202734,277,0,-4.2857657375108,243,279,71.7010409705492,6,1,0,0,0,0,0,264,0,0
2026-27,265,265,Jacksonville,-2.8083723099517,-3.90586614439134,-6.71423845434304,250,0,-4.0557966024832,235,293,66.2745713843834,352,1,0,0,0,0,0,265,0,0
2026-27,266,266,Louisiana Tech,-6.20612288918035,-0.675423373477646,-6.88154626265799,312,0,7.54513721506574,314,173,66.5936650329176,341,1,0,0,0,0,0,266,0,0
2026-27,267,267,SIU Edwardsville,-6.30672345014099,-0.628769785349508,-6.9354932354905,294,0,-7.35836384295383,316,170,66.983008802634,321,1,0,0,0,0,0,267,0,0
2026-27,268,268,Denver,-0.0899567303028334,-6.93251626055279,-7.02247299085562,265,0,-1.460720613949,155,357,68.9486004282627,148,1,0,0,0,0,0,268,0,0
2026-27,269,269,Southern Mississippi,-5.26293611053046,-1.76665203540086,-7.02958814593132,283,0,-4.95426290908005,291,215,69.6411400517634,81,1,0,0,0,0,0,269,0,0
2026-27,270,270,Long Beach State,-3.81590079528293,-3.32069258924313,-7.13659338452605,263,0,-0.411634279978419,270,274,69.330259960376,113,1,0,0,0,0,0,270,0,0
2026-27,271,271,South Alabama,-5.65059975932838,-1.49927958907315,-7.14987934840153,301,0,3.79717901011554,295,203,66.9656887557456,326,1,0,0,0,0,0,271,0,0
2026-27,272,272,Cal State Northridge,-4.3963622698013,-2.78374479402127,-7.18010706382257,298,0,-8.00664451014722,284,254,72.3651680341731,3,1,0,0,0,0,0,272,0,0
2026-27,273,273,Southeastern Louisiana,-5.36542734682523,-1.83561506285282,-7.20104240967804,260,0,-1.86546268936687,292,218,67.6276574535654,284,1,0,0,0,0,0,273,0,0
2026-27,274,274,Youngstown State,-4.06774504153532,-3.15152580410114,-7.21927084563647,302,0,0.183259227913258,277,267,68.6785566232011,181,1,0,0,0,0,0,274,0,0
2026-27,275,275,Southern Utah,-2.43846966771066,-4.85863044934795,-7.29710011705861,256,0,-8.05920300907741,225,320,70.4953174220725,26,1,0,0,0,0,0,275,0,0
2026-27,276,276,IU Indy,-0.824090279802461,-6.5032766034934,-7.32736688329586,208,0,5.13103336651595,174,354,72.1234140954572,4,1,0,0,0,0,0,276,0,0
2026-27,277,277,Bellarmine,0.253303924992457,-7.88113582159117,-7.62783189659871,246,0,1.72698593377163,146,360,67.0221799005556,318,1,0,0,0,0,0,277,0,0
2026-27,278,278,Detroit,-2.80224776279462,-4.89450696396854,-7.69675472676316,293,0,-5.91462194099537,234,323,69.4178127101852,101,1,0,0,0,0,0,278,0,0
2026-27,279,279,Boston University,-3.08368935127739,-4.66006325686921,-7.7437526081466,290,0,-4.06892296531802,242,312,66.0706980398781,359,1,0,0,0,0,0,279,0,0
2026-27,280,280,Abilene Christian,-7.04747007025079,-0.722785227633246,-7.77025529788403,297,0,-5.35613712175473,328,175,69.0525012500148,137,1,0,0,0,0,0,280,0,0
2026-27,281,281,Texas-Rio Grande Valley,-5.50257485956576,-2.35036839654388,-7.85294325610963,292,0,3.76359105424041,293,236,68.2100880049432,234,1,0,0,0,0,0,281,0,0
2026-27,282,282,Missouri-Kansas City,-3.81451042264312,-4.06959392703565,-7.88410434967877,254,0,-1.99326199151422,269,298,69.7219536301025,74,1,0,0,0,0,0,282,0,0
2026-27,283,283,Coastal Carolina,-4.32974416122024,-3.78149749216431,-8.11124165338455,288,0,6.41558979697809,282,289,68.2658977871707,225,1,0,0,0,0,0,283,0,0
2026-27,284,284,North Alabama,-3.92779620402057,-4.19297263328512,-8.1207688373057,262,0,-5.30590184690839,273,300,67.1455317701461,310,1,0,0,0,0,0,284,0,0
2026-27,285,285,Sacred Heart,-1.94219756655378,-6.25057074891878,-8.19276831547255,273,0,-0.218248195437259,215,348,69.2876346514823,116,1,0,0,0,0,0,285,0,0
2026-27,286,286,Army,-3.36767758147401,-4.9171654551103,-8.28484303658431,257,0,1.46792527367961,256,324,68.2377562248121,231,1,0,0,0,0,0,286,0,0
2026-27,287,287,South Dakota,-3.15307429449822,-5.19728869110517,-8.35036298560339,270,0,-0.355188692475004,246,332,70.0998622664068,44,1,0,0,0,0,0,287,0,0
2026-27,288,288,Charleston Southern,-6.11805197531403,-2.46586712005423,-8.58391909536826,311,0,-3.33586137899467,310,241,71.3726404257617,11,1,0,0,0,0,0,288,0,0
2026-27,289,289,New Orleans,-3.53583545566672,-5.09711569357718,-8.6329511492439,285,0,2.33713798060427,261,328,70.3108228396804,34,1,0,0,0,0,0,289,0,0
2026-27,290,290,Saint Peter's,-6.03639116244279,-2.620051826263,-8.65644298870579,328,0,0.0975898987406574,305,246,67.0290914092354,317,1,0,0,0,0,0,290,0,0
2026-27,291,291,Stetson,-3.58852624646043,-5.07900389680465,-8.66753014326508,259,0,2.37556576950994,263,327,68.2369065606185,232,1,0,0,0,0,0,291,0,0
2026-27,292,292,Northern Arizona,-3.28118220533237,-5.53149477605007,-8.81267698138244,268,0,5.24294280002011,252,336,66.6964826623391,338,1,0,0,0,0,0,292,0,0
2026-27,293,293,Nicholls State,-5.1179026663404,-3.7482520573803,-8.8661547237207,289,0,-1.66473080311291,286,288,68.67487848806,183,1,0,0,0,0,0,293,0,0
2026-27,294,294,Incarnate Word,-3.12333914440757,-5.75198855797145,-8.87532770237902,286,0,3.1436456916992,245,339,67.3020702790218,300,1,0,0,0,0,0,294,0,0
2026-27,295,295,Green Bay,-3.74092641650534,-5.18205816386197,-8.92298458036731,308,0,-4.44834622013751,267,331,66.1179341620316,358,1,0,0,0,0,0,295,0,0
2026-27,296,296,Eastern Kentucky,-3.04972849669764,-5.89547848414947,-8.94520698084711,291,0,-8.7333453435779,240,343,68.6660906396383,186,1,0,0,0,0,0,296,0,0
2026-27,297,297,Weber State,-6.05886888813389,-2.89471260392186,-8.95358149205575,275,0,-1.36744403310322,307,261,69.2111136632864,124,1,0,0,0,0,0,297,0,0
2026-27,298,298,Mount St. Mary's,-7.34010466023529,-1.63772849535968,-8.97783315559496,324,0,-1.13699449701938,333,210,68.9372592498459,150,1,0,0,0,0,0,298,0,0
2026-27,299,299,Houston Christian,-6.17477504599366,-2.86368126581779,-9.03845631181144,281,0,2.21507028880218,312,259,67.0656950297687,315,1,0,0,0,0,0,299,0,0
2026-27,300,300,Bryant,-5.52806000560629,-3.57924928425255,-9.10730928985884,284,0,0.248458777441993,294,281,67.3449219758275,297,1,0,0,0,0,0,300,0,0
2026-27,301,301,Evansville,-6.49735858730388,-2.61596588831225,-9.11332447561613,276,0,6.97411094497549,321,245,68.3766837947875,214,1,0,0,0,0,0,301,0,0
2026-27,302,302,Georgia Southern,-4.77699889463728,-4.49632124426862,-9.27332013890591,325,0,5.1938216895339,285,310,70.4529534942693,30,1,0,0,0,0,0,302,0,0
2026-27,303,303,Northwestern State,-6.09804069379038,-3.20490279714045,-9.30294349093084,314,0,1.23042571159027,309,272,67.1557648695467,309,1,0,0,0,0,0,303,0,0
2026-27,304,304,Florida A&M,-7.27817737396068,-2.10100736671073,-9.37918474067141,299,0,-4.44825339166033,332,232,69.2253465475929,121,1,0,0,0,0,0,304,0,0
2026-27,305,305,Omaha,-5.75177753646743,-3.69278692316399,-9.44456445963142,321,0,-0.4711711038186,297,285,68.4524800866292,209,1,0,0,0,0,0,305,0,0
2026-27,306,306,Norfolk State,-6.50910579636023,-2.98172924367001,-9.49083504003024,305,0,-1.71444087585609,322,263,68.8554236961047,160,1,0,0,0,0,0,306,0,0
2026-27,307,307,Cleveland State,-3.2834603050644,-6.45953246708438,-9.74299277214878,295,0,4.1824418791308,253,352,69.9540677798367,53,1,0,0,0,0,0,307,0,0
2026-27,308,308,VMI,-4.37763551038714,-5.50026644392018,-9.87790195430732,243,0,3.354130827001,283,335,68.6714937989316,184,1,0,0,0,0,0,308,0,0
2026-27,309,309,North Carolina A&T,-4.13653898690741,-5.87729854519698,-10.0138375321044,303,0,4.9317337574031,280,341,69.3727673106905,107,1,0,0,0,0,0,309,0,0
2026-27,310,310,North Dakota,-4.10592961328604,-5.99586764197333,-10.1017972552594,323,0,-2.12588472605702,278,345,68.7639454243338,168,1,0,0,0,0,0,310,0,0
2026-27,311,311,Albany,-6.00113879705112,-4.17600815940831,-10.1771469564594,307,0,-4.0002320857611,303,299,67.6970246162276,278,1,0,0,0,0,0,311,0,0
2026-27,312,312,Lindenwood,-7.6901807161955,-2.48858560985157,-10.1787663260471,331,0,3.71875145531671,338,243,71.660783091773,7,1,0,0,0,0,0,312,0,0
2026-27,313,313,Air Force,-8.42599874496407,-1.75580732153798,-10.1818060665021,272,0,6.26400336787208,345,214,68.7179541974013,175,1,0,0,0,0,0,313,0,0
2026-27,314,314,Maine,-9.27562660448809,-0.964381204704376,-10.2400078091925,322,0,-3.4572067989709,355,183,66.9519513488755,327,1,0,0,0,0,0,314,0,0
2026-27,315,315,West Georgia,-7.34510545784388,-2.91896699670656,-10.2640724545504,304,0,4.99592439186956,334,262,69.7635938453285,70,1,0,0,0,0,0,315,0,0
2026-27,316,316,Dartmouth,-7.13175407814343,-3.18517369151128,-10.3169277696547,319,0,-3.61509630358067,330,270,69.0634745994686,134,1,0,0,0,0,0,316,0,0
2026-27,317,317,Prairie View,-6.05827926042379,-4.32342166672042,-10.3817009271442,306,0,-9.62550347121828,306,305,70.8136050988887,18,1,0,0,0,0,0,317,0,0
2026-27,318,318,North Florida,-2.6978395067744,-7.80868703892834,-10.5065265457027,300,0,-5.3405979584971,232,359,70.4756000082543,29,1,0,0,0,0,0,318,0,0
2026-27,319,319,Southern,-7.42808333902052,-3.09888118077811,-10.5269645197986,333,0,2.66201430858773,335,266,69.9388961366651,55,1,0,0,0,0,0,319,0,0
2026-27,320,320,Loyola Maryland,-6.2188021168175,-4.36641106033172,-10.5852131771492,315,0,1.99389698293659,315,308,69.0493648103166,138,1,0,0,0,0,0,320,0,0
2026-27,321,321,Mercyhurst,-6.13955629691302,-4.53448627861801,-10.674042575531,330,0,7.69106455613441,311,311,66.8947666547385,332,1,0,0,0,0,0,321,0,0
2026-27,322,322,Cal State Bakersfield,-6.31010921776239,-4.42097103770839,-10.7310802554708,287,0,-5.8100878772893,317,309,69.7227271384895,73,1,0,0,0,0,0,322,0,0
2026-27,323,323,Central Connecticut,-7.13984299518452,-3.63835550050884,-10.7781984956934,341,0,1.64743219066124,331,283,67.0328916629732,316,1,0,0,0,0,0,323,0,0
2026-27,324,324,Fairleigh Dickinson,-5.98795023029714,-4.79748643867066,-10.7854366689678,317,0,-9.84281254539571,302,318,67.1081593065129,312,1,0,0,0,0,0,324,0,0
2026-27,325,325,Idaho State,-5.15707691609524,-5.66687014622409,-10.8239470623193,336,0,4.10716565886089,288,338,66.9110513088222,331,1,0,0,0,0,0,325,0,0
2026-27,326,326,UMass Lowell,-6.52085861485842,-4.32994749755998,-10.8508061124184,320,0,1.24162947013775,323,306,69.8276524778245,63,1,0,0,0,0,0,326,0,0
2026-27,327,327,Manhattan,-5.6635721872097,-5.32648911847273,-10.9900613056824,309,0,-6.02183138685025,296,333,69.0425202368491,139,1,0,0,0,0,0,327,0,0
2026-27,328,328,Jackson State,-7.12687609409722,-3.94131614422847,-11.0681922383257,316,0,-3.28970152472186,329,294,69.2600182738098,118,1,0,0,0,0,0,328,0,0
2026-27,329,329,Morehead State,-3.05802288555556,-8.02212574435497,-11.0801486299105,346,0,-14.971339912438,241,361,67.5501373977439,288,1,0,0,0,0,0,329,0,0
2026-27,330,330,Alabama A&M,-6.4681848500501,-4.69767225477727,-11.1658571048274,318,0,3.0000564066866,319,314,67.8390431030623,262,1,0,0,0,0,0,330,0,0
2026-27,331,331,New Hampshire,-7.04196284264895,-4.31735186349983,-11.3593147061488,313,0,-3.21615907275836,327,304,69.0282403078893,141,1,0,0,0,0,0,331,0,0
2026-27,332,332,Le Moyne,-6.31074229951956,-5.15819657203249,-11.468938871552,334,0,-5.64269341452332,318,330,69.672097845784,76,1,0,0,0,0,0,332,0,0
2026-27,333,333,East Texas A&M,-7.85202398118537,-3.78894216255356,-11.6409661437389,327,0,-4.47315391778541,339,290,68.976443071408,144,1,0,0,0,0,0,333,0,0
2026-27,334,334,NJIT,-6.82830396199911,-4.9963262749801,-11.8246302369792,329,0,2.92784861854676,325,326,68.9538008550573,147,1,0,0,0,0,0,334,0,0
2026-27,335,335,Niagara,-6.06524534695982,-5.94358142007877,-12.0088267670386,332,0,-1.53383584769714,308,344,65.6479450331539,364,1,0,0,0,0,0,335,0,0
2026-27,336,336,Holy Cross,-5.25410925078549,-6.78930816938661,-12.0434174201721,335,0,-0.00537836453730274,290,356,67.7187647744573,277,1,0,0,0,0,0,336,0,0
2026-27,337,337,The Citadel,-6.20469488786429,-5.88245274835273,-12.087147636217,310,0,2.85718598604804,313,342,66.7197621600568,336,1,0,0,0,0,0,337,0,0
2026-27,338,338,Texas Southern,-8.35197092705715,-3.74249909896771,-12.0944700260249,339,0,-0.675249138591554,343,286,68.9360508774261,151,1,0,0,0,0,0,338,0,0
2026-27,339,339,Grambling,-9.64902969483669,-2.45188237174951,-12.1009120665862,349,0,-5.44083068894675,358,239,68.5233901744832,200,1,0,0,0,0,0,339,0,0
2026-27,340,340,Lafayette,-8.71546006241326,-3.56305477206925,-12.2785148344825,340,0,-6.9881839686094,348,280,68.1356270403817,238,1,0,0,0,0,0,340,0,0
2026-27,341,341,Alabama State,-7.9571622072043,-4.96562636759341,-12.9227885747977,345,0,3.21617893496492,341,325,69.2451377790885,120,1,0,0,0,0,0,341,0,0
2026-27,342,342,Bucknell,-8.37428421789572,-4.66625781208757,-13.0405420299833,350,0,0.860603091743342,344,313,68.2222089737707,233,1,0,0,0,0,0,342,0,0
2026-27,343,343,Southern Indiana,-8.8584800168777,-4.31085199846746,-13.1693320153452,348,0,6.19947337397771,351,303,69.0631106816591,135,1,0,0,0,0,0,343,0,0
2026-27,344,344,Gardner-Webb,-8.62332324108229,-4.71838236791857,-13.3417056090009,326,0,-2.42067596565952,347,316,69.981222645315,49,1,0,0,0,0,0,344,0,0
2026-27,345,345,Binghamton,-6.98182929713799,-6.40389060176615,-13.3857198989041,338,0,-0.637227140957617,326,350,67.3927785507938,295,1,0,0,0,0,0,345,0,0
2026-27,346,346,Eastern Illinois,-8.90632768623678,-4.70890029082394,-13.6152279770607,354,0,7.51903749141516,352,315,67.7245419611664,274,1,0,0,0,0,0,346,0,0
2026-27,347,347,Chicago State,-8.96695932182262,-4.78859048725562,-13.7555498090782,342,0,-5.04009204395039,354,317,67.775715385756,270,1,0,0,0,0,0,347,0,0
2026-27,348,348,New Haven,-9.67892975015952,-4.21035323098436,-13.8892829811439,352,0,1.29602022124104,359,302,66.503173719289,346,1,0,0,0,0,0,348,0,0
2026-27,349,349,Louisiana-Monroe,-7.66008585078108,-6.46619905805257,-14.1262849088337,344,0,0.614909498971133,337,353,69.4896992855159,95,1,0,0,0,0,0,349,0,0
2026-27,350,350,Rider,-7.8738904613142,-6.26311167004129,-14.1370021313555,343,0,-0.123214810829713,340,349,67.541700399615,289,1,0,0,0,0,0,350,0,0
2026-27,351,351,Stonehill,-9.51756568192856,-4.81224422375967,-14.3298099056882,353,0,5.17002417002902,356,319,67.5616561337232,287,1,0,0,0,0,0,351,0,0
2026-27,352,352,Wagner,-8.8325544724807,-5.53294246455727,-14.365496937038,355,0,-5.54908382476564,350,337,68.6937752184128,177,1,0,0,0,0,0,352,0,0
2026-27,353,353,West Florida,-8.00121706697989,-6.4125418015499,-14.4137588685298,359,0,0.934310124749433,342,351,68.6300936145686,188,1,0,0,0,0,0,353,0,0
2026-27,354,354,South Carolina Upstate,-8.49101773938491,-6.07558032706098,-14.5665980664459,360,0,1.41081033572039,346,347,69.0576643303231,136,1,0,0,0,0,0,354,0,0
2026-27,355,355,Alcorn State,-8.80596002333133,-6.01710130361415,-14.8230613269455,347,0,-6.05325735658551,349,346,68.765402778748,167,1,0,0,0,0,0,355,0,0
2026-27,356,356,South Carolina State,-10.1911238143659,-4.88879676261753,-15.0799205769834,356,0,-3.55879135780756,360,322,69.6422225601284,79,1,0,0,0,0,0,356,0,0
2026-27,357,357,Coppin State,-11.0644288244098,-4.03424822581761,-15.0986770502274,337,0,-5.80802845475734,362,297,69.4188983577492,100,1,0,0,0,0,0,357,0,0
2026-27,358,358,Morgan State,-7.56736792292697,-7.61783458915104,-15.185202512078,351,0,7.388884341015,336,358,70.5536889204022,25,1,0,0,0,0,0,358,0,0
2026-27,359,359,Canisius,-6.68021544729439,-9.13864940645152,-15.8188648537459,357,0,4.20857302841796,324,364,66.8076790106751,333,1,0,0,0,0,0,359,0,0
2026-27,360,360,Delaware State,-10.9939811065237,-5.82554066022845,-16.8195217667522,358,0,-2.13342994768224,361,340,67.677371147173,279,1,0,0,0,0,0,360,0,0
2026-27,361,361,Arkansas-Pine Bluff,-8.94970267050343,-8.42312645365446,-17.3728291241579,361,0,-8.82012323614327,353,362,70.0583706302096,47,1,0,0,0,0,0,361,0,0
2026-27,362,362,Maryland-Eastern Shore,-12.6206927757897,-5.40286481384245,-18.0235575896321,362,0,1.92203199037135,364,334,66.2038267245452,354,1,0,0,0,0,0,362,0,0
2026-27,363,363,Western Illinois,-12.5839179816591,-6.60060426596252,-19.1845222476216,363,0,-1.16687664811012,363,355,67.8269919340768,264,1,0,0,0,0,0,363,0,0
2026-27,364,364,North Carolina Central,-9.61008845564563,-9.87109323129164,-19.4811816869373,364,0,-3.57739351447598,357,365,67.7190076883059,276,1,0,0,0,0,0,364,0,0
2026-27,365,365,Mississippi Valley State,-15.4657758029549,-8.95854313478082,-24.4243189377357,365,0,-5.46078771201313,365,363,68.7359990244626,174,1,0,0,0,0,0,365,0,0
